Volcano Name;Volcano Name Ref;Region;Start Date;Max. VEI;Latitude;Longitude
Antuco;Antuco Volcano;Region del Bio Bio;11-02-1905;2;-37,4098916;-71,3513191
Antuco;Antuco Volcano;Region del Bio Bio;24-12-1904;1;-37,4098916;-71,3513191
Antuco;Antuco Volcano;Region del Bio Bio;15-10-1904;2;-37,4098916;-71,3513191
Burney, Monte;Burney, Monte Volcano;Region de Magallanes y la Antartida chilena;01-03-1910;2;-52,325;-73,38
Calbuco;Calbuco Volcano;Region de Los Lagos;22-04-2015;4;-41,330389;-72,6087158
Calbuco;Calbuco Volcano;Region de Los Lagos;26-08-1972;2;-41,330389;-72,6087158
Calbuco;Calbuco Volcano;Region de Los Lagos;01-02-1961;3;-41,330389;-72,6087158
Calbuco;Calbuco Volcano;Region de Los Lagos;06-01-1929;3;-41,330389;-72,6087158
Calbuco;Calbuco Volcano;Region de Los Lagos;01-04-1917;3;-41,330389;-72,6087158
Calbuco;Calbuco Volcano;Region de Los Lagos;01-03-1909;2;-41,330389;-72,6087158
Calbuco;Calbuco Volcano;Region de Los Lagos;22-04-1907;2;-41,330389;-72,6087158
Calbuco;Calbuco Volcano;Region de Los Lagos;25-03-1905;2;-41,330389;-72,6087158
Calbuco;Calbuco Volcano;Region de Los Lagos;20-03-1905;2;-41,330389;-72,6087158
Callaqui;Callaqui Volcano;Region de Los Lagos;16-10-1980;1;-37,916667;-71,45
Carran-Los Venados;Carran-Los Venados Volcano;Region de Los Rios;14-04-1979;2;-40,308;-72,07
Carran-Los Venados;Carran-Los Venados Volcano;Region de Los Rios;27-07-1955;4;-40,308;-72,07
Carran-Los Venados;Carran-Los Venados Volcano;Region de Los Rios;09-04-1907;3;-40,308;-72,07
Chaitén;Chaitén Volcano;Region de Los Lagos;02-05-2008;4;-42,8375514;-72,6477862
Chaitén;Chaitén Volcano;Region de Los Lagos;27-06-1904;4;-42,8375514;-72,6477862
Chillan, Nevados de;Chillan, Nevados de Volcano;Region de Ñuble;08-01-2016;2;-36,8452778;-71,3988889
Chillan, Nevados de;Chillan, Nevados de Volcano;Region de Ñuble;29-08-2003;1;-36,8452778;-71,3988889
Chillan, Nevados de;Chillan, Nevados de Volcano;Region de Ñuble;16-07-1973;2;-36,8452778;-71,3988889
Chillan, Nevados de;Chillan, Nevados de Volcano;Region de Ñuble;02-07-1935;2;-36,8452778;-71,3988889
Chillan, Nevados de;Chillan, Nevados de Volcano;Region de Ñuble;17-01-1934;2;-36,8452778;-71,3988889
Chillan, Nevados de;Chillan, Nevados de Volcano;Region de Ñuble;30-11-1928;2;-36,8452778;-71,3988889
Chillan, Nevados de;Chillan, Nevados de Volcano;Region de Ñuble;10-04-1927;2;-36,8452778;-71,3988889
Chillan, Nevados de;Chillan, Nevados de Volcano;Region de Ñuble;06-08-1906;2;-36,8452778;-71,3988889
Chillan, Nevados de;Chillan, Nevados de Volcano;Region de Ñuble;29-04-1905;2;-36,8452778;-71,3988889
Chillan, Nevados de;Chillan, Nevados de Volcano;Region de Ñuble;28-03-1905;2;-36,8452778;-71,3988889
Chillan, Nevados de;Chillan, Nevados de Volcano;Region de Ñuble;21-03-1905;1;-36,8452778;-71,3988889
Chillan, Nevados de;Chillan, Nevados de Volcano;Region de Ñuble;12-03-1905;2;-36,8452778;-71,3988889
Chillan, Nevados de;Chillan, Nevados de Volcano;Region de Ñuble;14-10-1904;3;-36,8452778;-71,3988889
Chillan, Nevados de;Chillan, Nevados de Volcano;Region de Ñuble;07-07-1904;3;-36,8452778;-71,3988889
Descabezado Grande;Descabezado Grande Volcano;Region del Maule;05-06-1932;3;-35,5869444;-70,7516667
Guallatiri;Guallatiri Volcano;Region de Arica y Parinacota;02-12-1960;2;-18,416667;-69,091667
Guallatiri;Guallatiri Volcano;Region de Arica y Parinacota;15-07-1959;2;-18,416667;-69,091667
Guallatiri;Guallatiri Volcano;Region de Arica y Parinacota;27-03-1905;2;-18,416667;-69,091667
Guallatiri;Guallatiri Volcano;Region de Arica y Parinacota;29-12-1904;2;-18,416667;-69,091667
Hudson, Cerro;Hudson, Cerro Volcano;Region de Aysen;26-10-2011;2;-45,9;-72,966667
Hudson, Cerro;Hudson, Cerro Volcano;Region de Aysen;08-08-1991;5;-45,9;-72,966667
Hudson, Cerro;Hudson, Cerro Volcano;Region de Aysen;12-08-1971;3;-45,9;-72,966667
Huequi;Huequi Volcano;Region de Los Lagos;03-04-1905;2;-42,376667;-72,578056
Huequi;Huequi Volcano;Region de Los Lagos;20-03-1905;2;-42,376667;-72,578056
Huequi;Huequi Volcano;Region de Los Lagos;14-03-1905;2;-42,376667;-72,578056
Huequi;Huequi Volcano;Region de Los Lagos;10-03-1905;2;-42,376667;-72,578056
Huequi;Huequi Volcano;Region de Los Lagos;07-03-1905;2;-42,376667;-72,578056
Huequi;Huequi Volcano;Region de Los Lagos;04-03-1905;3;-42,376667;-72,578056
Huequi;Huequi Volcano;Region de Los Lagos;21-08-1904;2;-42,376667;-72,578056
Isluga;Isluga Volcano;Region de Tarapaca;27-03-1905;2;-19,1563889;-68,8344444
Isluga;Isluga Volcano;Region de Tarapaca;27-02-1905;1;-19,1563889;-68,8344444
Isluga;Isluga Volcano;Region de Tarapaca;19-02-1905;2;-19,1563889;-68,8344444
Isluga;Isluga Volcano;Region de Tarapaca;10-02-1905;2;-19,1563889;-68,8344444
Lascar;Lascar Volcano;Region de Antofagasta;30-10-2015;2;-23,3630556;-67,7313889
Lascar;Lascar Volcano;Region de Antofagasta;02-04-2013;1;-23,3630556;-67,7313889
Lascar;Lascar Volcano;Region de Antofagasta;18-04-2006;3;-23,3630556;-67,7313889
Lascar;Lascar Volcano;Region de Antofagasta;04-05-2005;3;-23,3630556;-67,7313889
Lascar;Lascar Volcano;Region de Antofagasta;26-10-2002;2;-23,3630556;-67,7313889
Lascar;Lascar Volcano;Region de Antofagasta;20-07-2000;2;-23,3630556;-67,7313889
Lascar;Lascar Volcano;Region de Antofagasta;18-10-1996;2;-23,3630556;-67,7313889
Lascar;Lascar Volcano;Region de Antofagasta;13-11-1994;2;-23,3630556;-67,7313889
Lascar;Lascar Volcano;Region de Antofagasta;20-07-1994;2;-23,3630556;-67,7313889
Lascar;Lascar Volcano;Region de Antofagasta;17-12-1993;2;-23,3630556;-67,7313889
Lascar;Lascar Volcano;Region de Antofagasta;30-01-1993;4;-23,3630556;-67,7313889
Lascar;Lascar Volcano;Region de Antofagasta;21-10-1991;2;-23,3630556;-67,7313889
Lascar;Lascar Volcano;Region de Antofagasta;24-11-1990;1;-23,3630556;-67,7313889
Lascar;Lascar Volcano;Region de Antofagasta;16-11-1987;3;-23,3630556;-67,7313889
Lascar;Lascar Volcano;Region de Antofagasta;14-09-1986;3;-23,3630556;-67,7313889
Lascar;Lascar Volcano;Region de Antofagasta;16-12-1984;0;-23,3630556;-67,7313889
Lascar;Lascar Volcano;Region de Antofagasta;16-05-1969;1;-23,3630556;-67,7313889
Lascar;Lascar Volcano;Region de Antofagasta;16-11-1959;2;-23,3630556;-67,7313889
Lascar;Lascar Volcano;Region de Antofagasta;16-06-1954;2;-23,3630556;-67,7313889
Lascar;Lascar Volcano;Region de Antofagasta;16-11-1951;2;-23,3630556;-67,7313889
Lascar;Lascar Volcano;Region de Antofagasta;09-10-1933;2;-23,3630556;-67,7313889
Lascar;Lascar Volcano;Region de Antofagasta;23-04-1905;2;-23,3630556;-67,7313889
Lascar;Lascar Volcano;Region de Antofagasta;16-03-1905;2;-23,3630556;-67,7313889
Lascar;Lascar Volcano;Region de Antofagasta;12-03-1905;2;-23,3630556;-67,7313889
Lascar;Lascar Volcano;Region de Antofagasta;25-02-1905;2;-23,3630556;-67,7313889
Lascar;Lascar Volcano;Region de Antofagasta;17-02-1905;2;-23,3630556;-67,7313889
Lascar;Lascar Volcano;Region de Antofagasta;21-01-1905;2;-23,3630556;-67,7313889
Lautaro;Lautaro Volcano;Region de Aysen ;08-03-1979;2;-49,0191666;-73,5066666
Lautaro;Lautaro Volcano;Region de Aysen ;16-06-1978;1;-49,0191666;-73,5066666
Lautaro;Lautaro Volcano;Region de Aysen ;02-07-1972;1;-49,0191666;-73,5066666
Lautaro;Lautaro Volcano;Region de Aysen ;16-10-1961;2;-49,0191666;-73,5066666
Lautaro;Lautaro Volcano;Region de Aysen ;28-12-1959;2;-49,0191666;-73,5066666
Lautaro;Lautaro Volcano;Region de Aysen ;15-01-1945;1;-49,0191666;-73,5066666
Lautaro;Lautaro Volcano;Region de Aysen ;01-02-1933;2;-49,0191666;-73,5066666
Llaima;Llaima Volcano;Region de La Araucania;01-01-2008;3;-38,6970035;-71,7300028
Llaima;Llaima Volcano;Region de La Araucania;26-05-2007;2;-38,6970035;-71,7300028
Llaima;Llaima Volcano;Region de La Araucania;09-04-2003;2;-38,6970035;-71,7300028
Llaima;Llaima Volcano;Region de La Araucania;13-10-2002;1;-38,6970035;-71,7300028
Llaima;Llaima Volcano;Region de La Araucania;10-11-1998;2;-38,6970035;-71,7300028
Llaima;Llaima Volcano;Region de La Araucania;03-04-1998;2;-38,6970035;-71,7300028
Llaima;Llaima Volcano;Region de La Araucania;16-03-1997;1;-38,6970035;-71,7300028
Llaima;Llaima Volcano;Region de La Araucania;13-10-1995;2;-38,6970035;-71,7300028
Llaima;Llaima Volcano;Region de La Araucania;17-05-1994;2;-38,6970035;-71,7300028
Llaima;Llaima Volcano;Region de La Araucania;23-08-1992;1;-38,6970035;-71,7300028
Llaima;Llaima Volcano;Region de La Araucania;25-02-1990;1;-38,6970035;-71,7300028
Llaima;Llaima Volcano;Region de La Araucania;20-04-1984;2;-38,6970035;-71,7300028
Llaima;Llaima Volcano;Region de La Araucania;15-10-1979;2;-38,6970035;-71,7300028
Llaima;Llaima Volcano;Region de La Araucania;01-12-1971;2;-38,6970035;-71,7300028
Llaima;Llaima Volcano;Region de La Araucania;02-07-1964;2;-38,6970035;-71,7300028
Llaima;Llaima Volcano;Region de La Araucania;22-10-1955;3;-38,6970035;-71,7300028
Llaima;Llaima Volcano;Region de La Araucania;01-09-1949;2;-38,6970035;-71,7300028
Llaima;Llaima Volcano;Region de La Araucania;23-07-1946;2;-38,6970035;-71,7300028
Llaima;Llaima Volcano;Region de La Araucania;31-03-1945;3;-38,6970035;-71,7300028
Llaima;Llaima Volcano;Region de La Araucania;09-06-1942;2;-38,6970035;-71,7300028
Llaima;Llaima Volcano;Region de La Araucania;23-06-1941;2;-38,6970035;-71,7300028
Llaima;Llaima Volcano;Region de La Araucania;01-12-1938;1;-38,6970035;-71,7300028
Llaima;Llaima Volcano;Region de La Araucania;09-02-1937;2;-38,6970035;-71,7300028
Llaima;Llaima Volcano;Region de La Araucania;31-12-1932;3;-38,6970035;-71,7300028
Llaima;Llaima Volcano;Region de La Araucania;02-03-1932;2;-38,6970035;-71,7300028
Llaima;Llaima Volcano;Region de La Araucania;06-07-1930;2;-38,6970035;-71,7300028
Llaima;Llaima Volcano;Region de La Araucania;01-12-1929;2;-38,6970035;-71,7300028
Llaima;Llaima Volcano;Region de La Araucania;05-10-1927;2;-38,6970035;-71,7300028
Llaima;Llaima Volcano;Region de La Araucania;24-10-1922;2;-38,6970035;-71,7300028
Llaima;Llaima Volcano;Region de La Araucania;04-02-1917;2;-38,6970035;-71,7300028
Llaima;Llaima Volcano;Region de La Araucania;03-07-1914;2;-38,6970035;-71,7300028
Llaima;Llaima Volcano;Region de La Araucania;27-04-1905;2;-38,6970035;-71,7300028
Llaima;Llaima Volcano;Region de La Araucania;26-03-1905;2;-38,6970035;-71,7300028
Llaima;Llaima Volcano;Region de La Araucania;21-03-1905;2;-38,6970035;-71,7300028
Llaima;Llaima Volcano;Region de La Araucania;09-03-1905;2;-38,6970035;-71,7300028
Llaima;Llaima Volcano;Region de La Araucania;06-03-1905;2;-38,6970035;-71,7300028
Llaima;Llaima Volcano;Region de La Araucania;25-02-1905;2;-38,6970035;-71,7300028
Llaima;Llaima Volcano;Region de La Araucania;17-02-1905;2;-38,6970035;-71,7300028
Llaima;Llaima Volcano;Region de La Araucania;08-02-1905;2;-38,6970035;-71,7300028
Llaima;Llaima Volcano;Region de La Araucania;06-02-1905;3;-38,6970035;-71,7300028
Llaima;Llaima Volcano;Region de La Araucania;04-02-1905;3;-38,6970035;-71,7300028
Llaima;Llaima Volcano;Region de La Araucania;25-01-1905;2;-38,6970035;-71,7300028
Llaima;Llaima Volcano;Region de La Araucania;26-12-1904;2;-38,6970035;-71,7300028
Llaima;Llaima Volcano;Region de La Araucania;12-05-1903;2;-38,6970035;-71,7300028
Lonquimay;Lonquimay Volcano;Region de La Araucania;25-12-1988;3;-38,3808333;-71,5866666
Lonquimay;Lonquimay Volcano;Region de La Araucania;04-01-1933;2;-38,3808333;-71,5866666
Michinmahuida;Michinmahuida Volcano;Region de Los Lagos;07-10-1904;2;-42,7991623;-72,4458215
Michinmahuida;Michinmahuida Volcano;Region de Los Lagos;29-03-1904;4;-42,7991623;-72,4458215
Osorno;Osorno Volcano;Region de Los Lagos;11-02-1905;2;-41,1041666;-72,4958333
Osorno;Osorno Volcano;Region de Los Lagos;28-01-1905;2;-41,1041666;-72,4958333
Osorno;Osorno Volcano;Region de Los Lagos;24-01-1905;2;-41,1041666;-72,4958333
Osorno;Osorno Volcano;Region de Los Lagos;30-10-1904;1;-41,1041666;-72,4958333
Osorno;Osorno Volcano;Region de Los Lagos;14-09-1904;2;-41,1041666;-72,4958333
Osorno;Osorno Volcano;Region de Los Lagos;01-07-1904;2;-41,1041666;-72,4958333
Osorno;Osorno Volcano;Region de Los Lagos;27-06-1904;2;-41,1041666;-72,4958333
Osorno;Osorno Volcano;Region de Los Lagos;23-04-1904;2;-41,1041666;-72,4958333
Planchon-Peteroa;Planchon-Peteroa Volcano;Region del Maule;07-11-2018;1;-35,24;-70,57
Planchon-Peteroa;Planchon-Peteroa Volcano;Region del Maule;17-02-2011;2;-35,24;-70,57
Planchon-Peteroa;Planchon-Peteroa Volcano;Region del Maule;06-09-2010;2;-35,24;-70,57
Planchon-Peteroa;Planchon-Peteroa Volcano;Region del Maule;18-11-1998;1;-35,24;-70,57
Planchon-Peteroa;Planchon-Peteroa Volcano;Region del Maule;09-02-1991;2;-35,24;-70,57
Planchon-Peteroa;Planchon-Peteroa Volcano;Region del Maule;16-01-1962;1;-35,24;-70,57
Planchon-Peteroa;Planchon-Peteroa Volcano;Region del Maule;10-07-1960;1;-35,24;-70,57
Planchon-Peteroa;Planchon-Peteroa Volcano;Region del Maule;06-11-1959;1;-35,24;-70,57
Planchon-Peteroa;Planchon-Peteroa Volcano;Region del Maule;01-09-1938;2;-35,24;-70,57
Planchon-Peteroa;Planchon-Peteroa Volcano;Region del Maule;01-04-1937;2;-35,24;-70,57
Planchon-Peteroa;Planchon-Peteroa Volcano;Region del Maule;20-02-1905;2;-35,24;-70,57
Planchon-Peteroa;Planchon-Peteroa Volcano;Region del Maule;02-02-1905;2;-35,24;-70,57
Planchon-Peteroa;Planchon-Peteroa Volcano;Region del Maule;08-01-1905;2;-35,24;-70,57
Planchon-Peteroa;Planchon-Peteroa Volcano;Region del Maule;17-07-1904;3;-35,24;-70,57
Puyehue-Cordón Caulle;Puyehue-Cordón Caulle Volcano;Region de Los Rios;04-06-2011;5;-40,5827778;-72,1122222
Puyehue-Cordón Caulle;Puyehue-Cordón Caulle Volcano;Region de Los Rios;02-07-1990;1;-40,5827778;-72,1122222
Puyehue-Cordón Caulle;Puyehue-Cordón Caulle Volcano;Region de Los Rios;24-05-1960;3;-40,5827778;-72,1122222
Puyehue-Cordón Caulle;Puyehue-Cordón Caulle Volcano;Region de Los Rios;06-03-1934;2;-40,5827778;-72,1122222
Puyehue-Cordón Caulle;Puyehue-Cordón Caulle Volcano;Region de Los Rios;07-01-1929;2;-40,5827778;-72,1122222
Puyehue-Cordón Caulle;Puyehue-Cordón Caulle Volcano;Region de Los Rios;13-12-1921;3;-40,5827778;-72,1122222
Puyehue-Cordón Caulle;Puyehue-Cordón Caulle Volcano;Region de Los Rios;08-02-1914;2;-40,5827778;-72,1122222
Puyehue-Cordón Caulle;Puyehue-Cordón Caulle Volcano;Region de Los Rios;02-04-1905;2;-40,5827778;-72,1122222
Puyehue-Cordón Caulle;Puyehue-Cordón Caulle Volcano;Region de Los Rios;19-03-1905;2;-40,5827778;-72,1122222
Puyehue-Cordón Caulle;Puyehue-Cordón Caulle Volcano;Region de Los Rios;07-03-1905;2;-40,5827778;-72,1122222
Puyehue-Cordón Caulle;Puyehue-Cordón Caulle Volcano;Region de Los Rios;24-10-1904;2;-40,5827778;-72,1122222
Quizapú;Quizapú Volcano;Region del Maule;09-08-1967;2;-35,6566667;-70,7630556
Quizapú;Quizapú Volcano;Region del Maule;15-04-1949;2;-35,6566667;-70,7630556
Quizapú;Quizapú Volcano;Region del Maule;08-09-1914;3;-35,6566667;-70,7630556
Quizapú;Quizapú Volcano;Region del Maule;01-02-1912;2;-35,6566667;-70,7630556
Quizapú;Quizapú Volcano;Region del Maule;28-07-1907;2;-35,6566667;-70,7630556
Quizapú;Quizapú Volcano;Region del Maule;16-04-1905;2;-35,6566667;-70,7630556
Quizapú;Quizapú Volcano;Region del Maule;30-03-1905;5;-35,6566667;-70,7630556
Quizapú;Quizapú Volcano;Region del Maule;20-03-1905;2;-35,6566667;-70,7630556
Reclus;Reclus Volcano;Region de Magallanes y la Antartida chilena;22-03-1905;1;-50,963889;-73,584722
Reclus;Reclus Volcano;Region de Magallanes y la Antartida chilena;21-02-1905;2;-50,963889;-73,584722
Reclus;Reclus Volcano;Region de Magallanes y la Antartida chilena;11-02-1905;2;-50,963889;-73,584722
Tinguiririca;Tinguiririca Volcano;Región de O'Higgins;31-03-1905;1;-34,8169444;-70,3533333
Villarrica;Villarrica Volcano;Region de La Araucania;02-12-2014;1;-39,4202534;-71,9396407
Villarrica;Villarrica Volcano;Region de La Araucania;25-07-2013;1;-39,4202534;-71,9396407
Villarrica;Villarrica Volcano;Region de La Araucania;22-11-2009;1;-39,4202534;-71,9396407
Villarrica;Villarrica Volcano;Region de La Araucania;29-01-2009;1;-39,4202534;-71,9396407
Villarrica;Villarrica Volcano;Region de La Araucania;26-10-2008;1;-39,4202534;-71,9396407
Villarrica;Villarrica Volcano;Region de La Araucania;05-08-2004;1;-39,4202534;-71,9396407
Villarrica;Villarrica Volcano;Region de La Araucania;23-05-2003;1;-39,4202534;-71,9396407
Villarrica;Villarrica Volcano;Region de La Araucania;24-02-1998;1;-39,4202534;-71,9396407
Villarrica;Villarrica Volcano;Region de La Araucania;14-09-1996;1;-39,4202534;-71,9396407
Villarrica;Villarrica Volcano;Region de La Araucania;16-01-1996;1;-39,4202534;-71,9396407
Villarrica;Villarrica Volcano;Region de La Araucania;15-04-1995;1;-39,4202534;-71,9396407
Villarrica;Villarrica Volcano;Region de La Araucania;26-09-1994;1;-39,4202534;-71,9396407
Villarrica;Villarrica Volcano;Region de La Araucania;11-09-1992;1;-39,4202534;-71,9396407
Villarrica;Villarrica Volcano;Region de La Araucania;30-08-1991;2;-39,4202534;-71,9396407
Villarrica;Villarrica Volcano;Region de La Araucania;11-08-1984;2;-39,4202534;-71,9396407
Villarrica;Villarrica Volcano;Region de La Araucania;14-10-1983;1;-39,4202534;-71,9396407
Villarrica;Villarrica Volcano;Region de La Araucania;20-06-1980;2;-39,4202534;-71,9396407
Villarrica;Villarrica Volcano;Region de La Araucania;26-01-1977;1;-39,4202534;-71,9396407
Villarrica;Villarrica Volcano;Region de La Araucania;29-10-1971;2;-39,4202534;-71,9396407
Villarrica;Villarrica Volcano;Region de La Araucania;02-03-1964;2;-39,4202534;-71,9396407
Villarrica;Villarrica Volcano;Region de La Araucania;25-02-1963;3;-39,4202534;-71,9396407
Villarrica;Villarrica Volcano;Region de La Araucania;02-07-1961;1;-39,4202534;-71,9396407
Villarrica;Villarrica Volcano;Region de La Araucania;06-11-1958;1;-39,4202534;-71,9396407
Villarrica;Villarrica Volcano;Region de La Araucania;03-10-1956;1;-39,4202534;-71,9396407
Villarrica;Villarrica Volcano;Region de La Araucania;09-10-1948;3;-39,4202534;-71,9396407
Villarrica;Villarrica Volcano;Region de La Araucania;10-04-1948;2;-39,4202534;-71,9396407
Villarrica;Villarrica Volcano;Region de La Araucania;01-12-1938;2;-39,4202534;-71,9396407
Villarrica;Villarrica Volcano;Region de La Araucania;01-12-1935;1;-39,4202534;-71,9396407
Villarrica;Villarrica Volcano;Region de La Araucania;05-01-1933;2;-39,4202534;-71,9396407
Villarrica;Villarrica Volcano;Region de La Araucania;27-12-1929;1;-39,4202534;-71,9396407
Villarrica;Villarrica Volcano;Region de La Araucania;24-10-1922;2;-39,4202534;-71,9396407
Villarrica;Villarrica Volcano;Region de La Araucania;10-12-1920;2;-39,4202534;-71,9396407
Villarrica;Villarrica Volcano;Region de La Araucania;19-08-1909;2;-39,4202534;-71,9396407
Villarrica;Villarrica Volcano;Region de La Araucania;31-10-1908;2;-39,4202534;-71,9396407
Villarrica;Villarrica Volcano;Region de La Araucania;05-05-1907;2;-39,4202534;-71,9396407
Villarrica;Villarrica Volcano;Region de La Araucania;22-04-1906;2;-39,4202534;-71,9396407
Villarrica;Villarrica Volcano;Region de La Araucania;30-04-1905;1;-39,4202534;-71,9396407
Villarrica;Villarrica Volcano;Region de La Araucania;10-04-1905;2;-39,4202534;-71,9396407
Villarrica;Villarrica Volcano;Region de La Araucania;29-03-1905;1;-39,4202534;-71,9396407
Villarrica;Villarrica Volcano;Region de La Araucania;18-03-1905;2;-39,4202534;-71,9396407
Villarrica;Villarrica Volcano;Region de La Araucania;16-03-1905;2;-39,4202534;-71,9396407
Villarrica;Villarrica Volcano;Region de La Araucania;04-03-1905;2;-39,4202534;-71,9396407
Villarrica;Villarrica Volcano;Region de La Araucania;25-02-1905;2;-39,4202534;-71,9396407
Villarrica;Villarrica Volcano;Region de La Araucania;22-02-1905;2;-39,4202534;-71,9396407
Villarrica;Villarrica Volcano;Region de La Araucania;13-02-1905;2;-39,4202534;-71,9396407
Villarrica;Villarrica Volcano;Region de La Araucania;23-01-1905;2;-39,4202534;-71,9396407
Villarrica;Villarrica Volcano;Region de La Araucania;14-01-1905;2;-39,4202534;-71,9396407
Villarrica;Villarrica Volcano;Region de La Araucania;09-01-1905;2;-39,4202534;-71,9396407
Villarrica;Villarrica Volcano;Region de La Araucania;30-12-1904;2;-39,4202534;-71,9396407
Villarrica;Villarrica Volcano;Region de La Araucania;19-12-1904;1;-39,4202534;-71,9396407
Villarrica;Villarrica Volcano;Region de La Araucania;02-12-1904;2;-39,4202534;-71,9396407
Villarrica;Villarrica Volcano;Region de La Araucania;21-11-1904;2;-39,4202534;-71,9396407
Villarrica;Villarrica Volcano;Region de La Araucania;14-11-1904;1;-39,4202534;-71,9396407
Villarrica;Villarrica Volcano;Region de La Araucania;11-11-1904;1;-39,4202534;-71,9396407
Villarrica;Villarrica Volcano;Region de La Araucania;05-11-1904;2;-39,4202534;-71,9396407
Villarrica;Villarrica Volcano;Region de La Araucania;01-11-1904;2;-39,4202534;-71,9396407
Villarrica;Villarrica Volcano;Region de La Araucania;26-10-1904;2;-39,4202534;-71,9396407
Villarrica;Villarrica Volcano;Region de La Araucania;10-10-1904;1;-39,4202534;-71,9396407
Villarrica;Villarrica Volcano;Region de La Araucania;07-10-1904;2;-39,4202534;-71,9396407
Villarrica;Villarrica Volcano;Region de La Araucania;16-09-1904;2;-39,4202534;-71,9396407
Villarrica;Villarrica Volcano;Region de La Araucania;11-09-1904;1;-39,4202534;-71,9396407
Villarrica;Villarrica Volcano;Region de La Araucania;10-09-1904;2;-39,4202534;-71,9396407
Villarrica;Villarrica Volcano;Region de La Araucania;04-09-1904;2;-39,4202534;-71,9396407
Villarrica;Villarrica Volcano;Region de La Araucania;03-09-1904;2;-39,4202534;-71,9396407
Villarrica;Villarrica Volcano;Region de La Araucania;31-08-1904;2;-39,4202534;-71,9396407
Villarrica;Villarrica Volcano;Region de La Araucania;14-08-1904;1;-39,4202534;-71,9396407
Villarrica;Villarrica Volcano;Region de La Araucania;08-08-1904;2;-39,4202534;-71,9396407
Villarrica;Villarrica Volcano;Region de La Araucania;01-08-1904;2;-39,4202534;-71,9396407
Villarrica;Villarrica Volcano;Region de La Araucania;29-07-1904;2;-39,4202534;-71,9396407
Villarrica;Villarrica Volcano;Region de La Araucania;26-07-1904;2;-39,4202534;-71,9396407
Villarrica;Villarrica Volcano;Region de La Araucania;02-07-1904;2;-39,4202534;-71,9396407
Villarrica;Villarrica Volcano;Region de La Araucania;29-06-1904;2;-39,4202534;-71,9396407
Villarrica;Villarrica Volcano;Region de La Araucania;25-06-1904;2;-39,4202534;-71,9396407
Villarrica;Villarrica Volcano;Region de La Araucania;19-06-1904;2;-39,4202534;-71,9396407
Villarrica;Villarrica Volcano;Region de La Araucania;12-06-1904;2;-39,4202534;-71,9396407
Villarrica;Villarrica Volcano;Region de La Araucania;04-06-1904;2;-39,4202534;-71,9396407
Villarrica;Villarrica Volcano;Region de La Araucania;30-05-1904;2;-39,4202534;-71,9396407
Villarrica;Villarrica Volcano;Region de La Araucania;28-05-1904;2;-39,4202534;-71,9396407
Villarrica;Villarrica Volcano;Region de La Araucania;22-05-1904;2;-39,4202534;-71,9396407
Villarrica;Villarrica Volcano;Region de La Araucania;18-05-1904;2;-39,4202534;-71,9396407
Villarrica;Villarrica Volcano;Region de La Araucania;12-05-1904;2;-39,4202534;-71,9396407
Villarrica;Villarrica Volcano;Region de La Araucania;02-05-1904;2;-39,4202534;-71,9396407
Villarrica;Villarrica Volcano;Region de La Araucania;30-04-1904;2;-39,4202534;-71,9396407
Villarrica;Villarrica Volcano;Region de La Araucania;27-04-1904;2;-39,4202534;-71,9396407
Villarrica;Villarrica Volcano;Region de La Araucania;12-04-1904;2;-39,4202534;-71,9396407
Villarrica;Villarrica Volcano;Region de La Araucania;10-04-1904;2;-39,4202534;-71,9396407
Villarrica;Villarrica Volcano;Region de La Araucania;06-04-1904;2;-39,4202534;-71,9396407
Villarrica;Villarrica Volcano;Region de La Araucania;01-04-1904;2;-39,4202534;-71,9396407
Villarrica;Villarrica Volcano;Region de La Araucania;22-03-1904;2;-39,4202534;-71,9396407
Villarrica;Villarrica Volcano;Region de La Araucania;18-03-1904;2;-39,4202534;-71,9396407
Villarrica;Villarrica Volcano;Region de La Araucania;17-03-1904;2;-39,4202534;-71,9396407
Villarrica;Villarrica Volcano;Region de La Araucania;16-03-1904;2;-39,4202534;-71,9396407
Villarrica;Villarrica Volcano;Region de La Araucania;05-03-1904;2;-39,4202534;-71,9396407
Villarrica;Villarrica Volcano;Region de La Araucania;02-03-1904;2;-39,4202534;-71,9396407
Villarrica;Villarrica Volcano;Region de La Araucania;29-02-1904;2;-39,4202534;-71,9396407
Villarrica;Villarrica Volcano;Region de La Araucania;24-02-1904;2;-39,4202534;-71,9396407
Villarrica;Villarrica Volcano;Region de La Araucania;23-02-1904;2;-39,4202534;-71,9396407
Villarrica;Villarrica Volcano;Region de La Araucania;17-02-1904;2;-39,4202534;-71,9396407
Villarrica;Villarrica Volcano;Region de La Araucania;11-02-1904;2;-39,4202534;-71,9396407
Villarrica;Villarrica Volcano;Region de La Araucania;05-02-1904;2;-39,4202534;-71,9396407
Villarrica;Villarrica Volcano;Region de La Araucania;02-02-1904;2;-39,4202534;-71,9396407
Villarrica;Villarrica Volcano;Region de La Araucania;31-01-1904;2;-39,4202534;-71,9396407
Villarrica;Villarrica Volcano;Region de La Araucania;22-01-1904;2;-39,4202534;-71,9396407
Villarrica;Villarrica Volcano;Region de La Araucania;18-01-1904;2;-39,4202534;-71,9396407
Villarrica;Villarrica Volcano;Region de La Araucania;13-01-1904;2;-39,4202534;-71,9396407
Villarrica;Villarrica Volcano;Region de La Araucania;10-01-1904;2;-39,4202534;-71,9396407
Villarrica;Villarrica Volcano;Region de La Araucania;05-01-1904;2;-39,4202534;-71,9396407
Villarrica;Villarrica Volcano;Region de La Araucania;02-01-1904;2;-39,4202534;-71,9396407
Villarrica;Villarrica Volcano;Region de La Araucania;24-12-1903;2;-39,4202534;-71,9396407
Villarrica;Villarrica Volcano;Region de La Araucania;18-12-1903;2;-39,4202534;-71,9396407
Villarrica;Villarrica Volcano;Region de La Araucania;03-12-1903;2;-39,4202534;-71,9396407
Villarrica;Villarrica Volcano;Region de La Araucania;17-11-1903;2;-39,4202534;-71,9396407
Villarrica;Villarrica Volcano;Region de La Araucania;13-11-1903;2;-39,4202534;-71,9396407
Villarrica;Villarrica Volcano;Region de La Araucania;10-11-1903;2;-39,4202534;-71,9396407
Villarrica;Villarrica Volcano;Region de La Araucania;04-11-1903;2;-39,4202534;-71,9396407
Villarrica;Villarrica Volcano;Region de La Araucania;23-10-1903;2;-39,4202534;-71,9396407
Villarrica;Villarrica Volcano;Region de La Araucania;19-10-1903;2;-39,4202534;-71,9396407
Villarrica;Villarrica Volcano;Region de La Araucania;15-10-1903;2;-39,4202534;-71,9396407
